{"api_key": "eCNaitvBY3euLctas1F8NjHq6OtEsJdDotqKgK41yWJaJDBkxIo1M72cilGEEoP7", "api_secret": "IqAQOdbIC8imjE2x9tiiQSqCJE8NF2KqbE1i3IEcPn19B5TKFvqub7jfmA6XwZGd", "K_HEIGHT": 17.7400000000016, "RSI": 48.679916479777354, "lastTime": "10:10:10.999", "price_buy": 42967.29, "RSI6": 25.595947556617134, "RSI12": 38.85058579624916, "RSI24": 53.11316843996123}