{"api_key": "eCNaitvBY3euLctas1F8NjHq6OtEsJdDotqKgK41yWJaJDBkxIo1M72cilGEEoP7", "api_secret": "IqAQOdbIC8imjE2x9tiiQSqCJE8NF2KqbE1i3IEcPn19B5TKFvqub7jfmA6XwZGd", "K_HEIGHT": 13.64500000000165, "RSI": 48.679916479777354, "lastTime": "10:10:10.999", "price_buy": 42967.29, "RSI6": 81.93430656933855, "RSI12": 65.09545753785318, "RSI24": 41.17586313724201}