{"EMA12": 42855.311603870534, "EMA24": 42852.313787721876, "K_HEIGHT": 15.645000000000437, "Can Buy": true, "qty_sell": 0.024, "EMA100": 67697.4937299558, "EMA200": 67697.48409703658, "EMA50": 42876.50982259318, "EMA101": 42274.18474724137, "EMA201": 42294.74546832506}