{"EMA12": 42855.311603870534, "EMA24": 42852.313787721876, "K_HEIGHT": 23.90833333333285, "Can Buy": true, "qty_sell": 0.015, "EMA100": 57303.639446141584, "EMA200": 57370.955884879935, "EMA50": 42876.50982259318, "EMA101": 42274.18474724137, "EMA201": 42294.74546832506}